Feature,Importance
diastolic_bp,0.13526150299236367
bmi,0.1279963610442804
age,0.11629696945334936
has_hypertension,0.11302308934212434
has_diabetes,0.0981712949814704
glucose,0.09505307352150984
heart_rate,0.07743239993512571
previous_pregnancies,0.06709562742833608
systolic_bp,0.06194675418399626
weight,0.061725704052986004
height,0.04599722306445805
